{
  "Run": [
    0,
    0,
    0,
    0,
    0,
    0,
    0,
    0,
    0,
    0
  ],
  "Cycle": [
    0,
    1,
    2,
    3,
    4,
    5,
    6,
    7,
    8,
    9
  ],
  "Foldable_percentage": [
    16.666666666666664,
    16.666666666666664,
    33.33333333333333,
    50.0,
    16.666666666666664,
    0,
    83.33333333333334,
    16.666666666666664,
    0,
    33.33333333333333
  ],
  "Target_foldable_percentage": [
    0.0,
    100.0,
    50.0,
    100.0,
    100.0,
    0,
    60.0,
    100.0,
    0,
    100.0
  ],
  "Distance": [
    1.044527968210073,
    0.11818616744445704,
    0.09194735124007825,
    0.05308238714167407,
    0.031828629218911816,
    0.016139473501512694,
    0.005281112757326342,
    0.015639554875367175,
    0.004429458765175707,
    0.006156238368689665
  ]
}