{
  "Run": [
    3,
    3,
    3,
    3,
    3
  ],
  "Cycle": [
    0,
    1,
    2,
    3,
    4
  ],
  "Foldable_percentage": [
    0,
    0,
    66.66666666666666,
    33.33333333333333,
    100.0
  ],
  "Target_foldable_percentage": [
    0,
    0,
    100.0,
    100.0,
    100.0
  ],
  "Distance": [
    0.9135892206261654,
    0.8979527086760825,
    0.026758690491593014,
    0.04541951139076881,
    0.005549679697206831
  ]
}