{
  "cycle":{
    "0":0,
    "1":1,
    "2":2
  },
  "mean_dist":{
    "0":1.4477091439,
    "1":0.8322507264,
    "2":0.7257921464
  },
  "std_dist":{
    "0":0.1114027032,
    "1":0.152935076,
    "2":0.0
  }
}