{
  "Run": [
    0,
    0,
    0,
    0,
    0
  ],
  "Cycle": [
    0,
    1,
    2,
    3,
    4
  ],
  "Foldable_percentage": [
    0,
    52.083333333333336,
    53.125,
    53.125,
    57.49999999999999
  ],
  "Target_foldable_percentage": [
    0,
    92.0,
    94.11764705882352,
    88.23529411764706,
    82.6086956521739
  ],
  "Distance": [
    1.0865982058541979,
    0.1465353942931505,
    0.0,
    0.0,
    0.0
  ]
}