{
  "cycle":{
    "0":0,
    "1":1,
    "2":2,
    "3":3,
    "4":4
  },
  "mean_dist":{
    "0":0.5200183633,
    "1":0.1415177253,
    "2":0.0715445295,
    "3":0.0715445295,
    "4":0.0715445295
  },
  "std_dist":{
    "0":0.2124528934,
    "1":0.0339242183,
    "2":0.0,
    "3":0.0,
    "4":0.0
  }
}